{
  "meta": {
    "source_file": "ArcelorMittal_Russia.xml",
    "source_format": "CSI/ETABS XML",
    "length_units_in_source": "",
    "converted_to_mm_basis": true,
    "note": "If converted_to_mm_basis is true: lengths=mm, areas=mm^2, section moduli=mm^3, inertias/torsion constants=mm^4.",
    "control": {}
  },
  "sections_by_label": {
    "10B1": {
      "type": "STEEL_I_SECTION",
      "edi_std": "10B1",
      "designation": "W",
      "properties": {
        "D": 100.0,
        "BF": 55.0,
        "TF": 5.7,
        "TW": 4.1,
        "A": 1032.322,
        "Iy": 1710000.0,
        "Zy": 39400.0,
        "Ay_shear": 522.5,
        "Iz": 159200.0,
        "Zz": 9200.0,
        "Az_shear": 410.0,
        "J": 12000.0,
        "Wy_el_pos": 34200.0,
        "Wy_el_neg": 34200.0,
        "Wz_el_pos": 5789.091,
        "Wz_el_neg": 5789.091,
        "ry": 40.69964,
        "rz": 12.41835
      }
    },
    "12B1": {
      "type": "STEEL_I_SECTION",
      "edi_std": "12B1",
      "designation": "W",
      "properties": {
        "D": 117.6,
        "BF": 64.0,
        "TF": 5.1,
        "TW": 3.8,
        "A": 1102.982,
        "Iy": 2574000.0,
        "Zy": 49900.0,
        "Ay_shear": 544.0,
        "Iz": 223900.0,
        "Zz": 11000.0,
        "Az_shear": 446.88,
        "J": 10400.0,
        "Wy_el_pos": 43775.51,
        "Wy_el_neg": 43775.51,
        "Wz_el_pos": 6996.875,
        "Wz_el_neg": 6996.875,
        "ry": 48.30812,
        "rz": 14.24764
      }
    },
    "12B2": {
      "type": "STEEL_I_SECTION",
      "edi_std": "12B2",
      "designation": "W",
      "properties": {
        "D": 120.0,
        "BF": 64.0,
        "TF": 6.3,
        "TW": 4.4,
        "A": 1321.022,
        "Iy": 3178000.0,
        "Zy": 60700.0,
        "Ay_shear": 672.0,
        "Iz": 276700.0,
        "Zz": 13600.0,
        "Az_shear": 528.0,
        "J": 17400.0,
        "Wy_el_pos": 52966.67,
        "Wy_el_neg": 52966.67,
        "Wz_el_pos": 8646.875,
        "Wz_el_neg": 8646.875,
        "ry": 49.04808,
        "rz": 14.4727
      }
    },
    "14B1": {
      "type": "STEEL_I_SECTION",
      "edi_std": "14B1",
      "designation": "W",
      "properties": {
        "D": 137.4,
        "BF": 73.0,
        "TF": 5.6,
        "TW": 3.8,
        "A": 1339.222,
        "Iy": 4349000.0,
        "Zy": 71600.0,
        "Ay_shear": 681.3333,
        "Iz": 364200.0,
        "Zz": 15500.0,
        "Az_shear": 522.12,
        "J": 13600.0,
        "Wy_el_pos": 63304.22,
        "Wy_el_neg": 63304.22,
        "Wz_el_pos": 9978.082,
        "Wz_el_neg": 9978.082,
        "ry": 56.98604,
        "rz": 16.49088
      }
    },
    "14B2": {
      "type": "STEEL_I_SECTION",
      "edi_std": "14B2",
      "designation": "W",
      "properties": {
        "D": 140.0,
        "BF": 73.0,
        "TF": 6.9,
        "TW": 4.7,
        "A": 1642.602,
        "Iy": 5412000.0,
        "Zy": 88300.0,
        "Ay_shear": 839.5,
        "Iz": 449200.0,
        "Zz": 19300.0,
        "Az_shear": 658.0,
        "J": 24500.0,
        "Wy_el_pos": 77314.29,
        "Wy_el_neg": 77314.29,
        "Wz_el_pos": 12306.85,
        "Wz_el_neg": 12306.85,
        "ry": 57.40012,
        "rz": 16.53689
      }
    },
    "16B1": {
      "type": "STEEL_I_SECTION",
      "edi_std": "16B1",
      "designation": "W",
      "properties": {
        "D": 157.0,
        "BF": 82.0,
        "TF": 5.9,
        "TW": 4.0,
        "A": 1617.93,
        "Iy": 6893000.0,
        "Zy": 99100.0,
        "Ay_shear": 806.3333,
        "Iz": 544300.0,
        "Zz": 20700.0,
        "Az_shear": 628.0,
        "J": 19600.0,
        "Wy_el_pos": 87808.91,
        "Wy_el_neg": 87808.91,
        "Wz_el_pos": 13275.61,
        "Wz_el_neg": 13275.61,
        "ry": 65.27159,
        "rz": 18.34169
      }
    },
    "16B2": {
      "type": "STEEL_I_SECTION",
      "edi_std": "16B2",
      "designation": "W",
      "properties": {
        "D": 160.0,
        "BF": 82.0,
        "TF": 7.4,
        "TW": 5.0,
        "A": 2009.13,
        "Iy": 8693000.0,
        "Zy": 124000.0,
        "Ay_shear": 1011.333,
        "Iz": 683100.0,
        "Zz": 26100.0,
        "Az_shear": 800.0,
        "J": 36000.0,
        "Wy_el_pos": 108662.5,
        "Wy_el_neg": 108662.5,
        "Wz_el_pos": 16660.98,
        "Wz_el_neg": 16660.98,
        "ry": 65.77802,
        "rz": 18.43903
      }
    },
    "18B1": {
      "type": "STEEL_I_SECTION",
      "edi_std": "18B1",
      "designation": "W",
      "properties": {
        "D": 177.0,
        "BF": 91.0,
        "TF": 6.5,
        "TW": 4.3,
        "A": 1957.73,
        "Iy": 10630000.0,
        "Zy": 135000.0,
        "Ay_shear": 985.8333,
        "Iz": 818900.0,
        "Zz": 28000.0,
        "Az_shear": 761.1,
        "J": 27000.0,
        "Wy_el_pos": 120113.0,
        "Wy_el_neg": 120113.0,
        "Wz_el_pos": 17997.8,
        "Wz_el_neg": 17997.8,
        "ry": 73.68688,
        "rz": 20.45215
      }
    },
    "18B2": {
      "type": "STEEL_I_SECTION",
      "edi_std": "18B2",
      "designation": "W",
      "properties": {
        "D": 180.0,
        "BF": 91.0,
        "TF": 8.0,
        "TW": 5.3,
        "A": 2394.73,
        "Iy": 13170000.0,
        "Zy": 166000.0,
        "Ay_shear": 1213.333,
        "Iz": 1010000.0,
        "Zz": 34600.0,
        "Az_shear": 954.0,
        "J": 47900.0,
        "Wy_el_pos": 146333.3,
        "Wy_el_neg": 146333.3,
        "Wz_el_pos": 22197.8,
        "Wz_el_neg": 22197.8,
        "ry": 74.15912,
        "rz": 20.53678
      }
    },
    "20B1": {
      "type": "STEEL_I_SECTION",
      "edi_std": "20B1",
      "designation": "W",
      "properties": {
        "D": 200.0,
        "BF": 100.0,
        "TF": 8.0,
        "TW": 5.5,
        "A": 2715.866,
        "Iy": 18440000.0,
        "Zy": 209000.0,
        "Ay_shear": 1333.333,
        "Iz": 1340000.0,
        "Zz": 41900.0,
        "Az_shear": 1100.0,
        "J": 58900.0,
        "Wy_el_pos": 184400.0,
        "Wy_el_neg": 184400.0,
        "Wz_el_pos": 26800.0,
        "Wz_el_neg": 26800.0,
        "ry": 82.39982,
        "rz": 22.21254
      }
    },
    "25B1": {
      "type": "STEEL_I_SECTION",
      "edi_std": "25B1",
      "designation": "W",
      "properties": {
        "D": 248.0,
        "BF": 124.0,
        "TF": 8.0,
        "TW": 5.0,
        "A": 3267.61,
        "Iy": 35370000.0,
        "Zy": 319000.0,
        "Ay_shear": 1653.333,
        "Iz": 2550000.0,
        "Zz": 63600.0,
        "Az_shear": 1240.0,
        "J": 66900.0,
        "Wy_el_pos": 285241.9,
        "Wy_el_neg": 285241.9,
        "Wz_el_pos": 41129.03,
        "Wz_el_neg": 41129.03,
        "ry": 104.0405,
        "rz": 27.93541
      }
    },
    "25B2": {
      "type": "STEEL_I_SECTION",
      "edi_std": "25B2",
      "designation": "W",
      "properties": {
        "D": 250.0,
        "BF": 125.0,
        "TF": 9.0,
        "TW": 6.0,
        "A": 3765.61,
        "Iy": 40520000.0,
        "Zy": 366000.0,
        "Ay_shear": 1875.0,
        "Iz": 2940000.0,
        "Zz": 73100.0,
        "Az_shear": 1500.0,
        "J": 97900.0,
        "Wy_el_pos": 324160.0,
        "Wy_el_neg": 324160.0,
        "Wz_el_pos": 47040.0,
        "Wz_el_neg": 47040.0,
        "ry": 103.733,
        "rz": 27.94191
      }
    },
    "30B1": {
      "type": "STEEL_I_SECTION",
      "edi_std": "30B1",
      "designation": "W",
      "properties": {
        "D": 298.0,
        "BF": 149.0,
        "TF": 8.0,
        "TW": 5.5,
        "A": 4080.07,
        "Iy": 63190000.0,
        "Zy": 475000.0,
        "Ay_shear": 1986.667,
        "Iz": 4420000.0,
        "Zz": 91800.0,
        "Az_shear": 1639.0,
        "J": 87900.0,
        "Wy_el_pos": 424094.0,
        "Wy_el_neg": 424094.0,
        "Wz_el_pos": 59328.86,
        "Wz_el_neg": 59328.86,
        "ry": 124.4487,
        "rz": 32.91375
      }
    },
    "30B2": {
      "type": "STEEL_I_SECTION",
      "edi_std": "30B2",
      "designation": "W",